<?xml version="1.0" encoding="utf-8"?>
<resources>

    <dimen name="small_text">12sp</dimen>
    <dimen name="label_size">14sp</dimen>
    <dimen name="text_header">16sp</dimen>
    <dimen name="button_text">16sp</dimen>
    <dimen name="text_20">20sp</dimen>
    <dimen name="text_app_name_title">48sp</dimen>
    <dimen name="semi_title">30sp</dimen>

    <dimen name="dp_1">1dp</dimen>
    <dimen name="dp_2">2dp</dimen>
    <dimen name="dp_3">3dp</dimen>
    <dimen name="dp_4">4dp</dimen>
    <dimen name="dp_5">5dp</dimen>
    <dimen name="dp_6">6dp</dimen>
    <dimen name="dp_7">7dp</dimen>
    <dimen name="dp_8">8dp</dimen>
    <dimen name="dp_9">9dp</dimen>
    <dimen name="dp_10">10dp</dimen>
    <dimen name="dp_11">11dp</dimen>
    <dimen name="dp_12">12dp</dimen>
    <dimen name="dp_13">13dp</dimen>
    <dimen name="dp_14">14dp</dimen>
    <dimen name="dp_15">15dp</dimen>
    <dimen name="dp_16">16dp</dimen>
    <dimen name="dp_17">17dp</dimen>
    <dimen name="dp_18">18dp</dimen>
    <dimen name="dp_19">19dp</dimen>
    <dimen name="dp_20">20dp</dimen>
    <dimen name="dp_21">21dp</dimen>
    <dimen name="dp_22">22dp</dimen>
    <dimen name="dp_23">23dp</dimen>
    <dimen name="dp_24">24dp</dimen>
    <dimen name="dp_25">25dp</dimen>
    <dimen name="dp_26">26dp</dimen>
    <dimen name="dp_27">27dp</dimen>
    <dimen name="dp_28">28dp</dimen>
    <dimen name="dp_29">29dp</dimen>
    <dimen name="dp_30">30dp</dimen>
    <dimen name="dp_31">31dp</dimen>
    <dimen name="dp_32">32dp</dimen>
    <dimen name="dp_33">33dp</dimen>
    <dimen name="dp_34">34dp</dimen>
    <dimen name="dp_35">35dp</dimen>
    <dimen name="dp_36">36dp</dimen>
    <dimen name="dp_37">37dp</dimen>
    <dimen name="dp_38">38dp</dimen>
    <dimen name="dp_39">39dp</dimen>
    <dimen name="dp_40">40dp</dimen>
    <dimen name="dp_41">41dp</dimen>
    <dimen name="dp_42">42dp</dimen>
    <dimen name="dp_43">43dp</dimen>
    <dimen name="dp_44">44dp</dimen>
    <dimen name="dp_45">45dp</dimen>
    <dimen name="dp_46">46dp</dimen>
    <dimen name="dp_47">47dp</dimen>
    <dimen name="dp_48">48dp</dimen>
    <dimen name="dp_49">49dp</dimen>
    <dimen name="dp_50">50dp</dimen>

</resources>