<resources>
    <string name="app_name">MaaMagic</string>
    <string name="skip">Skip</string>
    <string name="mom_s_magic">Mom\'s Magic</string>
    <string name="food_delivery_app">Food Delivery App</string>
    <string name="get_started">Get Started</string>
    <!-- TODO: Remove or change this placeholder text -->
    <string name="hello_blank_fragment">Hello blank fragment</string>
    <string name="add_to_cart">Add to Cart</string>
    <string name="description">description</string>
    <string name="first_name">First Name</string>
    <string name="last_name">Last Name</string>
    <string name="email">Email</string>
    <string name="password">Password</string>
    <string name="confirm_password">Confirm Password</string>
    <string name="address">Address</string>
    <string name="phone_number">Phone Number</string>
    <string name="sign_up">Sign Up</string>
    <string name="remember_me">Remember me</string>
    <string name="sign_in">Login</string>
    <string name="don_t_have_account_sign_up_here">Don\'t have Account Sign up here</string>
</resources>